layout,gset,dset,pmethod,n_process,time
0,1,8,1,1,148.29
0,1,8,1,2,79.08
0,1,8,1,4,38.28
0,1,8,1,8,21.82
0,1,8,1,16,14.23
0,1,8,1,32,9.36
0,1,8,1,64,6.63
0,1,8,1,128,5.86
0,1,8,0,1,149.41
0,1,8,0,2,80.63
0,1,8,0,4,37.51
0,1,8,0,8,20.84
0,1,8,0,16,12.92
0,1,8,0,32,7.78
0,1,8,0,64,4.56
0,1,8,0,128,3.28
0,1,16,1,1,148.41
0,1,16,1,2,81.5
0,1,16,1,4,39.22
0,1,16,1,8,21.29
0,1,16,1,16,13.57
0,1,16,1,32,8.49
0,1,16,1,64,5.54
0,1,16,1,128,4.36
0,1,16,0,1,150.83
0,1,16,0,2,80.59
0,1,16,0,4,38.34
0,1,16,0,8,21.36
0,1,16,0,16,13.48
0,1,16,0,32,8.19
0,1,16,0,64,5.04
0,1,16,0,128,3.53
0,1,32,1,1,155.5
0,1,32,1,2,80.79
0,1,32,1,4,37.78
0,1,32,1,8,22.44
0,1,32,1,16,13.75
0,1,32,1,32,8.62
0,1,32,1,64,4.91
0,1,32,1,128,3.52
0,1,32,0,1,152.38
0,1,32,0,2,83.02
0,1,32,0,4,39.26
0,1,32,0,8,22.06
0,1,32,0,16,14.57
0,1,32,0,32,9.31
0,1,32,0,64,5.37
0,1,32,0,128,4.0
0,2,8,1,1,142.41
0,2,8,1,2,74.0
0,2,8,1,4,41.44
0,2,8,1,8,19.88
0,2,8,1,16,11.8
0,2,8,1,32,8.26
0,2,8,1,64,5.49
0,2,8,1,128,4.04
0,2,8,0,1,144.14
0,2,8,0,2,74.26
0,2,8,0,4,40.46
0,2,8,0,8,19.78
0,2,8,0,16,11.66
0,2,8,0,32,7.8
0,2,8,0,64,4.84
0,2,8,0,128,3.28
0,2,16,1,1,141.66
0,2,16,1,2,74.6
0,2,16,1,4,36.61
0,2,16,1,8,19.98
0,2,16,1,16,11.67
0,2,16,1,32,7.78
0,2,16,1,64,4.59
0,2,16,1,128,3.43
0,2,16,0,1,148.33
0,2,16,0,2,77.32
0,2,16,0,4,37.37
0,2,16,0,8,20.36
0,2,16,0,16,12.34
0,2,16,0,32,8.48
0,2,16,0,64,5.12
0,2,16,0,128,3.9
0,2,32,1,1,143.68
0,2,32,1,2,74.6
0,2,32,1,4,36.92
0,2,32,1,8,19.85
0,2,32,1,16,12.01
0,2,32,1,32,7.4
0,2,32,1,64,4.47
0,2,32,1,128,3.22
0,2,32,0,1,149.29
0,2,32,0,2,78.08
0,2,32,0,4,38.7
0,2,32,0,8,21.42
0,2,32,0,16,13.76
0,2,32,0,32,9.58
0,2,32,0,64,6.29
0,2,32,0,128,4.88
0,4,8,1,1,138.01
0,4,8,1,2,71.22
0,4,8,1,4,36.44
0,4,8,1,8,19.68
0,4,8,1,16,11.38
0,4,8,1,32,7.49
0,4,8,1,64,4.41
0,4,8,1,128,3.35
0,4,8,0,1,141.89
0,4,8,0,2,73.26
0,4,8,0,4,37.24
0,4,8,0,8,20.42
0,4,8,0,16,12.11
0,4,8,0,32,8.29
0,4,8,0,64,4.89
0,4,8,0,128,3.79
0,4,16,1,1,142.92
0,4,16,1,2,71.14
0,4,16,1,4,35.89
0,4,16,1,8,19.13
0,4,16,1,16,10.89
0,4,16,1,32,7.03
0,4,16,1,64,4.06
0,4,16,1,128,3.16
0,4,16,0,1,146.96
0,4,16,0,2,75.84
0,4,16,0,4,37.6
0,4,16,0,8,20.76
0,4,16,0,16,12.96
0,4,16,0,32,9.09
0,4,16,0,64,5.97
0,4,16,0,128,4.65
0,4,32,1,1,138.97
0,4,32,1,2,71.34
0,4,32,1,4,35.81
0,4,32,1,8,18.91
0,4,32,1,16,10.84
0,4,32,1,32,6.97
0,4,32,1,64,4.16
0,4,32,1,128,2.99
0,4,32,0,1,157.57
0,4,32,0,2,78.43
0,4,32,0,4,39.31
0,4,32,0,8,22.34
0,4,32,0,16,15.15
0,4,32,0,32,12.07
0,4,32,0,64,8.4
0,4,32,0,128,7.48
0,8,8,1,1,136.67
0,8,8,1,2,71.32
0,8,8,1,4,35.32
0,8,8,1,8,18.55
0,8,8,1,16,10.46
0,8,8,1,32,6.12
0,8,8,1,64,3.75
0,8,8,1,128,3.43
0,8,8,0,1,143.81
0,8,8,0,2,75.61
0,8,8,0,4,37.13
0,8,8,0,8,20.26
0,8,8,0,16,12.46
0,8,8,0,32,8.61
0,8,8,0,64,5.72
0,8,8,0,128,4.96
0,8,16,1,1,133.7
0,8,16,1,2,69.47
0,8,16,1,4,35.62
0,8,16,1,8,18.74
0,8,16,1,16,10.42
0,8,16,1,32,6.13
0,8,16,1,64,3.79
0,8,16,1,128,2.96
0,8,16,0,1,146.59
0,8,16,0,2,76.41
0,8,16,0,4,39.15
0,8,16,0,8,22.09
0,8,16,0,16,14.76
0,8,16,0,32,11.32
0,8,16,0,64,7.85
0,8,16,0,128,6.76
0,8,32,1,1,132.07
0,8,32,1,2,68.75
0,8,32,1,4,36.09
0,8,32,1,8,18.81
0,8,32,1,16,11.12
0,8,32,1,32,6.63
0,8,32,1,64,3.69
0,8,32,1,128,3.17
0,8,32,0,1,154.73
0,8,32,0,2,82.83
0,8,32,0,4,43.19
0,8,32,0,8,26.14
0,8,32,0,16,20.11
0,8,32,0,32,17.32
0,8,32,0,64,12.62
0,8,32,0,128,10.91
0,16,8,1,1,131.4
0,16,8,1,2,68.49
0,16,8,1,4,32.98
0,16,8,1,8,17.61
0,16,8,1,16,9.45
0,16,8,1,32,6.33
0,16,8,1,64,3.95
0,16,8,1,128,2.88
0,16,8,0,1,144.91
0,16,8,0,2,75.41
0,16,8,0,4,37.09
0,16,8,0,8,20.94
0,16,8,0,16,13.41
0,16,8,0,32,10.6
0,16,8,0,64,7.87
0,16,8,0,128,6.73
0,16,16,1,1,132.68
0,16,16,1,2,67.79
0,16,16,1,4,33.53
0,16,16,1,8,17.77
0,16,16,1,16,9.32
0,16,16,1,32,5.86
0,16,16,1,64,3.7
0,16,16,1,128,2.82
0,16,16,0,1,154.12
0,16,16,0,2,82.59
0,16,16,0,4,41.22
0,16,16,0,8,24.89
0,16,16,0,16,18.55
0,16,16,0,32,15.96
0,16,16,0,64,12.52
0,16,16,0,128,11.06
0,16,32,1,1,131.94
0,16,32,1,2,68.74
0,16,32,1,4,33.52
0,16,32,1,8,18.1
0,16,32,1,16,9.49
0,16,32,1,32,5.83
0,16,32,1,64,3.8
0,16,32,1,128,2.95
0,16,32,0,1,178.49
0,16,32,0,2,98.13
0,16,32,0,4,50.57
0,16,32,0,8,33.09
0,16,32,0,16,28.43
0,16,32,0,32,27.2
0,16,32,0,64,23.26
0,16,32,0,128,20.36
0,32,8,1,1,123.38
0,32,8,1,2,64.57
0,32,8,1,4,32.62
0,32,8,1,8,16.67
0,32,8,1,16,9.4
0,32,8,1,32,5.72
0,32,8,1,64,3.74
0,32,8,1,128,2.96
0,32,8,0,1,147.14
0,32,8,0,2,78.85
0,32,8,0,4,40.9
0,32,8,0,8,23.54
0,32,8,0,16,18.47
0,32,8,0,32,15.9
0,32,8,0,64,12.5
0,32,8,0,128,10.93
0,32,16,1,1,124.82
0,32,16,1,2,65.12
0,32,16,1,4,33.24
0,32,16,1,8,16.86
0,32,16,1,16,9.92
0,32,16,1,32,5.64
0,32,16,1,64,4.24
0,32,16,1,128,3.07
0,32,16,0,1,176.83
0,32,16,0,2,96.04
0,32,16,0,4,50.17
0,32,16,0,8,32.28
0,32,16,0,16,28.67
0,32,16,0,32,27.17
0,32,16,0,64,22.51
0,32,16,0,128,19.96
0,32,32,1,1,129.03
0,32,32,1,2,67.16
0,32,32,1,4,33.89
0,32,32,1,8,17.1
0,32,32,1,16,9.27
0,32,32,1,32,5.84
0,32,32,1,64,4.98
0,32,32,1,128,4.12
0,32,32,0,1,220.17
0,32,32,0,2,125.98
0,32,32,0,4,68.13
0,32,32,0,8,53.29
0,32,32,0,16,49.73
0,32,32,0,32,52.07
0,32,32,0,64,42.99
0,32,32,0,128,38.14
0,64,8,1,1,123.33
0,64,8,1,2,65.18
0,64,8,1,4,31.47
0,64,8,1,8,16.86
0,64,8,1,16,9.3
0,64,8,1,32,5.65
0,64,8,1,64,3.82
0,64,8,1,128,3.07
0,64,8,0,1,169.49
0,64,8,0,2,93.52
0,64,8,0,4,47.69
0,64,8,0,8,33.07
0,64,8,0,16,28.67
0,64,8,0,32,27.24
0,64,8,0,64,22.7
0,64,8,0,128,19.82
0,64,16,1,1,123.42
0,64,16,1,2,64.85
0,64,16,1,4,31.99
0,64,16,1,8,18.78
0,64,16,1,16,9.74
0,64,16,1,32,5.85
0,64,16,1,64,3.92
0,64,16,1,128,4.8
0,64,16,0,1,217.6
0,64,16,0,2,124.88
0,64,16,0,4,66.17
0,64,16,0,8,49.09
0,64,16,0,16,49.63
0,64,16,0,32,51.75
0,64,16,0,64,43.28
0,64,16,0,128,38.37
0,64,32,1,1,129.24
0,64,32,1,2,65.48
0,64,32,1,4,32.92
0,64,32,1,8,17.22
0,64,32,1,16,9.39
0,64,32,1,32,7.52
0,64,32,1,64,5.76
0,64,32,1,128,4.9
0,64,32,0,1,319.09
0,64,32,0,2,191.41
0,64,32,0,4,105.74
0,64,32,0,8,87.38
0,64,32,0,16,98.1
0,64,32,0,32,106.33
0,64,32,0,64,88.08
0,64,32,0,128,79.59
0,128,8,1,1,125.0
0,128,8,1,2,62.19
0,128,8,1,4,32.39
0,128,8,1,8,17.58
0,128,8,1,16,9.89
0,128,8,1,32,7.16
0,128,8,1,64,9.81
0,128,8,1,128,5.19
0,128,8,0,1,219.96
0,128,8,0,2,121.17
0,128,8,0,4,66.7
0,128,8,0,8,49.3
0,128,8,0,16,49.74
0,128,8,0,32,52.41
0,128,8,0,64,43.89
0,128,8,0,128,38.41
0,128,16,1,1,125.93
0,128,16,1,2,62.6
0,128,16,1,4,32.45
0,128,16,1,8,17.56
0,128,16,1,16,9.96
0,128,16,1,32,8.43
0,128,16,1,64,6.29
0,128,16,1,128,5.69
0,128,16,0,1,319.53
0,128,16,0,2,188.19
0,128,16,0,4,105.79
0,128,16,0,8,87.38
0,128,16,0,16,97.18
0,128,16,0,32,104.83
0,128,16,0,64,88.33
0,128,16,0,128,78.54
0,128,32,1,1,127.94
0,128,32,1,2,63.64
0,128,32,1,4,33.0
0,128,32,1,8,17.76
0,128,32,1,16,10.2
0,128,32,1,32,6.95
0,128,32,1,64,4.61
0,128,32,1,128,3.7
0,128,32,0,1,538.64
0,128,32,0,2,332.35
0,128,32,0,4,195.38
0,128,32,0,8,176.41
0,128,32,0,16,201.18
0,128,32,0,32,216.0
0,128,32,0,64,178.54
0,128,32,0,128,160.59
1,1,8,1,1,122.71
1,1,8,1,2,66.61
1,1,8,1,4,31.73
1,1,8,1,8,18.89
1,1,8,1,16,12.77
1,1,8,1,32,8.6
1,1,8,1,64,6.02
1,1,8,1,128,5.06
1,1,8,0,1,123.73
1,1,8,0,2,66.9
1,1,8,0,4,30.84
1,1,8,0,8,17.84
1,1,8,0,16,11.45
1,1,8,0,32,6.85
1,1,8,0,64,4.27
1,1,8,0,128,3.13
1,1,16,1,1,122.34
1,1,16,1,2,66.77
1,1,16,1,4,31.32
1,1,16,1,8,18.45
1,1,16,1,16,12.19
1,1,16,1,32,7.62
1,1,16,1,64,5.21
1,1,16,1,128,4.01
1,1,16,0,1,124.93
1,1,16,0,2,67.15
1,1,16,0,4,31.48
1,1,16,0,8,18.37
1,1,16,0,16,12.02
1,1,16,0,32,7.46
1,1,16,0,64,4.63
1,1,16,0,128,3.23
1,1,32,1,1,122.56
1,1,32,1,2,66.59
1,1,32,1,4,32.4
1,1,32,1,8,18.53
1,1,32,1,16,12.24
1,1,32,1,32,7.62
1,1,32,1,64,4.45
1,1,32,1,128,3.4
1,1,32,0,1,125.92
1,1,32,0,2,68.37
1,1,32,0,4,32.84
1,1,32,0,8,19.08
1,1,32,0,16,13.07
1,1,32,0,32,8.41
1,1,32,0,64,5.0
1,1,32,0,128,3.89
1,2,8,1,1,117.98
1,2,8,1,2,62.46
1,2,8,1,4,30.86
1,2,8,1,8,17.17
1,2,8,1,16,10.46
1,2,8,1,32,7.33
1,2,8,1,64,4.98
1,2,8,1,128,3.86
1,2,8,0,1,117.94
1,2,8,0,2,62.52
1,2,8,0,4,31.0
1,2,8,0,8,17.14
1,2,8,0,16,15.34
1,2,8,0,32,7.16
1,2,8,0,64,4.55
1,2,8,0,128,3.24
1,2,16,1,1,118.29
1,2,16,1,2,62.44
1,2,16,1,4,30.83
1,2,16,1,8,17.11
1,2,16,1,16,10.43
1,2,16,1,32,7.06
1,2,16,1,64,4.32
1,2,16,1,128,3.24
1,2,16,0,1,122.04
1,2,16,0,2,64.63
1,2,16,0,4,32.16
1,2,16,0,8,17.65
1,2,16,0,16,11.12
1,2,16,0,32,7.87
1,2,16,0,64,4.9
1,2,16,0,128,3.94
1,2,32,1,1,119.16
1,2,32,1,2,62.73
1,2,32,1,4,30.9
1,2,32,1,8,17.18
1,2,32,1,16,10.51
1,2,32,1,32,7.52
1,2,32,1,64,4.2
1,2,32,1,128,3.41
1,2,32,0,1,125.58
1,2,32,0,2,66.18
1,2,32,0,4,32.71
1,2,32,0,8,18.72
1,2,32,0,16,12.47
1,2,32,0,32,8.9
1,2,32,0,64,5.97
1,2,32,0,128,4.81
1,4,8,1,1,113.06
1,4,8,1,2,58.63
1,4,8,1,4,30.71
1,4,8,1,8,17.0
1,4,8,1,16,10.15
1,4,8,1,32,6.72
1,4,8,1,64,4.12
1,4,8,1,128,3.33
1,4,8,0,1,119.06
1,4,8,0,2,60.99
1,4,8,0,4,31.69
1,4,8,0,8,17.48
1,4,8,0,16,10.84
1,4,8,0,32,7.54
1,4,8,0,64,4.69
1,4,8,0,128,3.5
1,4,16,1,1,114.54
1,4,16,1,2,59.33
1,4,16,1,4,30.25
1,4,16,1,8,16.46
1,4,16,1,16,9.75
1,4,16,1,32,6.21
1,4,16,1,64,3.74
1,4,16,1,128,3.12
1,4,16,0,1,120.17
1,4,16,0,2,63.46
1,4,16,0,4,31.94
1,4,16,0,8,18.03
1,4,16,0,16,11.64
1,4,16,0,32,8.51
1,4,16,0,64,5.7
1,4,16,0,128,4.5
1,4,32,1,1,114.41
1,4,32,1,2,59.22
1,4,32,1,4,29.71
1,4,32,1,8,16.22
1,4,32,1,16,9.59
1,4,32,1,32,6.24
1,4,32,1,64,3.82
1,4,32,1,128,2.69
1,4,32,0,1,128.01
1,4,32,0,2,66.62
1,4,32,0,4,33.84
1,4,32,0,8,19.66
1,4,32,0,16,13.88
1,4,32,0,32,11.32
1,4,32,0,64,7.95
1,4,32,0,128,6.55
1,8,8,1,1,114.34
1,8,8,1,2,60.54
1,8,8,1,4,30.48
1,8,8,1,8,16.58
1,8,8,1,16,9.59
1,8,8,1,32,5.83
1,8,8,1,64,3.8
1,8,8,1,128,2.9
1,8,8,0,1,121.64
1,8,8,0,2,64.41
1,8,8,0,4,32.06
1,8,8,0,8,18.19
1,8,8,0,16,11.46
1,8,8,0,32,8.1
1,8,8,0,64,6.45
1,8,8,0,128,4.51
1,8,16,1,1,113.5
1,8,16,1,2,59.95
1,8,16,1,4,30.0
1,8,16,1,8,16.54
1,8,16,1,16,9.56
1,8,16,1,32,5.72
1,8,16,1,64,4.38
1,8,16,1,128,2.77
1,8,16,0,1,126.81
1,8,16,0,2,66.78
1,8,16,0,4,33.73
1,8,16,0,8,19.89
1,8,16,0,16,13.76
1,8,16,0,32,10.93
1,8,16,0,64,12.62
1,8,16,0,128,6.58
1,8,32,1,1,111.9
1,8,32,1,2,58.86
1,8,32,1,4,30.36
1,8,32,1,8,16.83
1,8,32,1,16,9.73
1,8,32,1,32,5.99
1,8,32,1,64,3.52
1,8,32,1,128,2.86
1,8,32,0,1,134.52
1,8,32,0,2,73.67
1,8,32,0,4,38.66
1,8,32,0,8,24.02
1,8,32,0,16,18.92
1,8,32,0,32,16.39
1,8,32,0,64,12.54
1,8,32,0,128,11.16
1,16,8,1,1,119.56
1,16,8,1,2,62.31
1,16,8,1,4,31.58
1,16,8,1,8,17.2
1,16,8,1,16,9.46
1,16,8,1,32,5.85
1,16,8,1,64,3.83
1,16,8,1,128,2.85
1,16,8,0,1,133.42
1,16,8,0,2,69.56
1,16,8,0,4,35.62
1,16,8,0,8,20.58
1,16,8,0,16,13.73
1,16,8,0,32,11.08
1,16,8,0,64,7.86
1,16,8,0,128,6.73
1,16,16,1,1,119.05
1,16,16,1,2,62.6
1,16,16,1,4,32.48
1,16,16,1,8,17.43
1,16,16,1,16,9.54
1,16,16,1,32,5.81
1,16,16,1,64,3.83
1,16,16,1,128,2.87
1,16,16,0,1,142.8
1,16,16,0,2,76.65
1,16,16,0,4,39.47
1,16,16,0,8,24.56
1,16,16,0,16,18.63
1,16,16,0,32,16.03
1,16,16,0,64,12.86
1,16,16,0,128,11.03
1,16,32,1,1,118.95
1,16,32,1,2,62.48
1,16,32,1,4,32.16
1,16,32,1,8,17.69
1,16,32,1,16,9.55
1,16,32,1,32,5.88
1,16,32,1,64,3.72
1,16,32,1,128,3.1
1,16,32,0,1,166.63
1,16,32,0,2,92.13
1,16,32,0,4,49.03
1,16,32,0,8,32.95
1,16,32,0,16,28.55
1,16,32,0,32,27.12
1,16,32,0,64,23.14
1,16,32,0,128,20.14
1,32,8,1,1,136.47
1,32,8,1,2,71.94
1,32,8,1,4,37.05
1,32,8,1,8,20.47
1,32,8,1,16,10.91
1,32,8,1,32,6.65
1,32,8,1,64,4.17
1,32,8,1,128,3.22
1,32,8,0,1,160.02
1,32,8,0,2,86.0
1,32,8,0,4,45.44
1,32,8,0,8,27.36
1,32,8,0,16,19.99
1,32,8,0,32,16.92
1,32,8,0,64,13.23
1,32,8,0,128,11.6
1,32,16,1,1,137.52
1,32,16,1,2,71.8
1,32,16,1,4,37.56
1,32,16,1,8,20.52
1,32,16,1,16,10.88
1,32,16,1,32,6.59
1,32,16,1,64,4.36
1,32,16,1,128,3.08
1,32,16,0,1,183.53
1,32,16,0,2,100.82
1,32,16,0,4,53.73
1,32,16,0,8,35.64
1,32,16,0,16,30.06
1,32,16,0,32,28.11
1,32,16,0,64,23.41
1,32,16,0,128,20.37
1,32,32,1,1,137.43
1,32,32,1,2,72.64
1,32,32,1,4,38.04
1,32,32,1,8,20.51
1,32,32,1,16,10.95
1,32,32,1,32,6.82
1,32,32,1,64,4.99
1,32,32,1,128,3.18
1,32,32,0,1,231.08
1,32,32,0,2,131.14
1,32,32,0,4,72.69
1,32,32,0,8,52.28
1,32,32,0,16,50.98
1,32,32,0,32,52.71
1,32,32,0,64,44.15
1,32,32,0,128,38.57
1,64,8,1,1,197.26
1,64,8,1,2,102.89
1,64,8,1,4,53.73
1,64,8,1,8,29.02
1,64,8,1,16,15.22
1,64,8,1,32,8.99
1,64,8,1,64,5.53
1,64,8,1,128,3.64
1,64,8,0,1,245.01
1,64,8,0,2,132.71
1,64,8,0,4,70.35
1,64,8,0,8,43.95
1,64,8,0,16,34.63
1,64,8,0,32,30.57
1,64,8,0,64,24.51
1,64,8,0,128,21.07
1,64,16,1,1,198.56
1,64,16,1,2,102.79
1,64,16,1,4,55.01
1,64,16,1,8,28.9
1,64,16,1,16,15.4
1,64,16,1,32,9.39
1,64,16,1,64,5.91
1,64,16,1,128,4.19
1,64,16,0,1,293.35
1,64,16,0,2,163.33
1,64,16,0,4,88.27
1,64,16,0,8,65.46
1,64,16,0,16,55.1
1,64,16,0,32,54.91
1,64,16,0,64,45.28
1,64,16,0,128,38.95
1,64,32,1,1,198.86
1,64,32,1,2,104.51
1,64,32,1,4,54.69
1,64,32,1,8,28.95
1,64,32,1,16,15.39
1,64,32,1,32,10.24
1,64,32,1,64,7.47
1,64,32,1,128,4.71
1,64,32,0,1,395.93
1,64,32,0,2,231.1
1,64,32,0,4,126.85
1,64,32,0,8,99.53
1,64,32,0,16,103.55
1,64,32,0,32,108.28
1,64,32,0,64,90.37
1,64,32,0,128,80.17
1,128,8,1,1,314.98
1,128,8,1,2,162.05
1,128,8,1,4,84.0
1,128,8,1,8,44.21
1,128,8,1,16,23.25
1,128,8,1,32,13.83
1,128,8,1,64,7.84
1,128,8,1,128,5.67
1,128,8,0,1,409.02
1,128,8,0,2,221.58
1,128,8,0,4,118.22
1,128,8,0,8,76.33
1,128,8,0,16,63.18
1,128,8,0,32,59.11
1,128,8,0,64,46.8
1,128,8,0,128,40.13
1,128,16,1,1,315.05
1,128,16,1,2,163.2
1,128,16,1,4,83.91
1,128,16,1,8,45.11
1,128,16,1,16,23.72
1,128,16,1,32,14.82
1,128,16,1,64,10.82
1,128,16,1,128,9.22
1,128,16,0,1,509.36
1,128,16,0,2,288.47
1,128,16,0,4,157.25
1,128,16,0,8,114.42
1,128,16,0,16,110.65
1,128,16,0,32,112.78
1,128,16,0,64,92.94
1,128,16,0,128,80.19
1,128,32,1,1,318.77
1,128,32,1,2,165.59
1,128,32,1,4,83.53
1,128,32,1,8,44.57
1,128,32,1,16,24.47
1,128,32,1,32,14.54
1,128,32,1,64,7.91
1,128,32,1,128,5.55
1,128,32,0,1,719.82
1,128,32,0,2,432.09
1,128,32,0,4,247.16
1,128,32,0,8,204.77
1,128,32,0,16,210.76
1,128,32,0,32,220.88
1,128,32,0,64,181.11
1,128,32,0,128,161.74
2,1,8,1,1,127.08
2,1,8,1,2,60.96
2,1,8,1,4,32.02
2,1,8,1,8,17.83
2,1,8,1,16,10.69
2,1,8,1,32,7.82
2,1,8,1,64,5.82
2,1,8,1,128,5.45
2,1,8,0,1,128.2
2,1,8,0,2,60.95
2,1,8,0,4,31.37
2,1,8,0,8,21.63
2,1,8,0,16,9.14
2,1,8,0,32,5.78
2,1,8,0,64,3.8
2,1,8,0,128,2.89
2,1,16,1,1,128.69
2,1,16,1,2,61.28
2,1,16,1,4,32.2
2,1,16,1,8,17.22
2,1,16,1,16,9.99
2,1,16,1,32,6.67
2,1,16,1,64,4.86
2,1,16,1,128,3.95
2,1,16,0,1,130.3
2,1,16,0,2,63.01
2,1,16,0,4,32.83
2,1,16,0,8,19.48
2,1,16,0,16,11.16
2,1,16,0,32,6.41
2,1,16,0,64,4.25
2,1,16,0,128,3.3
2,1,32,1,1,131.43
2,1,32,1,2,71.38
2,1,32,1,4,32.53
2,1,32,1,8,17.53
2,1,32,1,16,10.06
2,1,32,1,32,7.18
2,1,32,1,64,4.62
2,1,32,1,128,3.45
2,1,32,0,1,134.6
2,1,32,0,2,66.05
2,1,32,0,4,33.68
2,1,32,0,8,17.97
2,1,32,0,16,10.74
2,1,32,0,32,7.56
2,1,32,0,64,4.95
2,1,32,0,128,4.04
2,2,8,1,1,129.37
2,2,8,1,2,62.9
2,2,8,1,4,34.5
2,2,8,1,8,17.07
2,2,8,1,16,9.64
2,2,8,1,32,7.46
2,2,8,1,64,4.83
2,2,8,1,128,4.01
2,2,8,0,1,129.36
2,2,8,0,2,61.68
2,2,8,0,4,31.46
2,2,8,0,8,16.96
2,2,8,0,16,9.4
2,2,8,0,32,6.23
2,2,8,0,64,4.09
2,2,8,0,128,3.13
2,2,16,1,1,128.89
2,2,16,1,2,61.46
2,2,16,1,4,31.72
2,2,16,1,8,17.0
2,2,16,1,16,9.48
2,2,16,1,32,6.12
2,2,16,1,64,9.26
2,2,16,1,128,4.29
2,2,16,0,1,133.22
2,2,16,0,2,63.77
2,2,16,0,4,32.44
2,2,16,0,8,17.4
2,2,16,0,16,10.11
2,2,16,0,32,7.22
2,2,16,0,64,4.8
2,2,16,0,128,3.71
2,2,32,1,1,131.68
2,2,32,1,2,63.38
2,2,32,1,4,32.54
2,2,32,1,8,17.36
2,2,32,1,16,10.11
2,2,32,1,32,6.62
2,2,32,1,64,4.73
2,2,32,1,128,3.31
2,2,32,0,1,138.5
2,2,32,0,2,67.33
2,2,32,0,4,34.36
2,2,32,0,8,19.14
2,2,32,0,16,11.9
2,2,32,0,32,13.89
2,2,32,0,64,6.15
2,2,32,0,128,4.95
2,4,8,1,1,127.27
2,4,8,1,2,61.25
2,4,8,1,4,31.51
2,4,8,1,8,17.84
2,4,8,1,16,9.27
2,4,8,1,32,5.96
2,4,8,1,64,4.49
2,4,8,1,128,3.42
2,4,8,0,1,130.59
2,4,8,0,2,62.39
2,4,8,0,4,32.12
2,4,8,0,8,17.24
2,4,8,0,16,9.94
2,4,8,0,32,6.69
2,4,8,0,64,4.52
2,4,8,0,128,3.68
2,4,16,1,1,129.08
2,4,16,1,2,61.52
2,4,16,1,4,31.61
2,4,16,1,8,16.86
2,4,16,1,16,9.34
2,4,16,1,32,6.06
2,4,16,1,64,3.85
2,4,16,1,128,3.1
2,4,16,0,1,135.79
2,4,16,0,2,65.38
2,4,16,0,4,33.66
2,4,16,0,8,18.31
2,4,16,0,16,11.28
2,4,16,0,32,8.32
2,4,16,0,64,10.8
2,4,16,0,128,4.54
2,4,32,1,1,131.33
2,4,32,1,2,63.46
2,4,32,1,4,32.5
2,4,32,1,8,17.47
2,4,32,1,16,9.97
2,4,32,1,32,6.57
2,4,32,1,64,4.06
2,4,32,1,128,2.94
2,4,32,0,1,145.06
2,4,32,0,2,70.26
2,4,32,0,4,36.38
2,4,32,0,8,20.76
2,4,32,0,16,14.23
2,4,32,0,32,11.49
2,4,32,0,64,8.17
2,4,32,0,128,6.69
2,8,8,1,1,127.14
2,8,8,1,2,60.86
2,8,8,1,4,31.39
2,8,8,1,8,16.88
2,8,8,1,16,9.21
2,8,8,1,32,5.79
2,8,8,1,64,3.85
2,8,8,1,128,3.03
2,8,8,0,1,135.28
2,8,8,0,2,64.8
2,8,8,0,4,33.24
2,8,8,0,8,18.2
2,8,8,0,16,11.13
2,8,8,0,32,8.37
2,8,8,0,64,5.8
2,8,8,0,128,4.53
2,8,16,1,1,128.75
2,8,16,1,2,61.58
2,8,16,1,4,31.57
2,8,16,1,8,16.94
2,8,16,1,16,9.56
2,8,16,1,32,5.9
2,8,16,1,64,3.9
2,8,16,1,128,2.93
2,8,16,0,1,142.64
2,8,16,0,2,68.71
2,8,16,0,4,35.84
2,8,16,0,8,20.26
2,8,16,0,16,13.59
2,8,16,0,32,10.93
2,8,16,0,64,7.85
2,8,16,0,128,6.76
2,8,32,1,1,131.32
2,8,32,1,2,63.43
2,8,32,1,4,32.8
2,8,32,1,8,17.41
2,8,32,1,16,9.96
2,8,32,1,32,6.77
2,8,32,1,64,3.6
2,8,32,1,128,3.05
2,8,32,0,1,154.33
2,8,32,0,2,77.57
2,8,32,0,4,40.9
2,8,32,0,8,24.51
2,8,32,0,16,19.2
2,8,32,0,32,17.58
2,8,32,0,64,12.57
2,8,32,0,128,11.06
2,16,8,1,1,127.03
2,16,8,1,2,60.93
2,16,8,1,4,32.34
2,16,8,1,8,16.68
2,16,8,1,16,9.18
2,16,8,1,32,5.91
2,16,8,1,64,3.72
2,16,8,1,128,3.09
2,16,8,0,1,140.9
2,16,8,0,2,68.83
2,16,8,0,4,35.02
2,16,8,0,8,19.95
2,16,8,0,16,13.36
2,16,8,0,32,10.59
2,16,8,0,64,7.83
2,16,8,0,128,6.61
2,16,16,1,1,130.56
2,16,16,1,2,62.33
2,16,16,1,4,31.44
2,16,16,1,8,16.88
2,16,16,1,16,9.26
2,16,16,1,32,5.63
2,16,16,1,64,3.69
2,16,16,1,128,3.28
2,16,16,0,1,152.49
2,16,16,0,2,75.74
2,16,16,0,4,39.57
2,16,16,0,8,23.85
2,16,16,0,16,18.77
2,16,16,0,32,15.86
2,16,16,0,64,12.73
2,16,16,0,128,11.21
2,16,32,1,1,132.15
2,16,32,1,2,64.76
2,16,32,1,4,32.22
2,16,32,1,8,17.02
2,16,32,1,16,9.34
2,16,32,1,32,5.91
2,16,32,1,64,4.07
2,16,32,1,128,8.1
2,16,32,0,1,178.74
2,16,32,0,2,93.27
2,16,32,0,4,48.73
2,16,32,0,8,33.24
2,16,32,0,16,29.06
2,16,32,0,32,27.09
2,16,32,0,64,22.49
2,16,32,0,128,20.96
2,32,8,1,1,128.25
2,32,8,1,2,61.4
2,32,8,1,4,30.97
2,32,8,1,8,16.67
2,32,8,1,16,9.21
2,32,8,1,32,5.72
2,32,8,1,64,3.8
2,32,8,1,128,2.92
2,32,8,0,1,150.17
2,32,8,0,2,74.92
2,32,8,0,4,39.89
2,32,8,0,8,24.52
2,32,8,0,16,18.41
2,32,8,0,32,16.25
2,32,8,0,64,12.68
2,32,8,0,128,10.94
2,32,16,1,1,128.89
2,32,16,1,2,61.61
2,32,16,1,4,31.42
2,32,16,1,8,16.88
2,32,16,1,16,9.16
2,32,16,1,32,5.68
2,32,16,1,64,3.56
2,32,16,1,128,4.17
2,32,16,0,1,174.91
2,32,16,0,2,90.79
2,32,16,0,4,47.55
2,32,16,0,8,31.81
2,32,16,0,16,28.39
2,32,16,0,32,27.47
2,32,16,0,64,22.77
2,32,16,0,128,19.8
2,32,32,1,1,127.87
2,32,32,1,2,63.02
2,32,32,1,4,32.18
2,32,32,1,8,16.96
2,32,32,1,16,9.26
2,32,32,1,32,5.79
2,32,32,1,64,4.03
2,32,32,1,128,3.52
2,32,32,0,1,222.82
2,32,32,0,2,127.77
2,32,32,0,4,66.53
2,32,32,0,8,48.46
2,32,32,0,16,49.18
2,32,32,0,32,51.75
2,32,32,0,64,43.29
2,32,32,0,128,38.14
2,64,8,1,1,125.4
2,64,8,1,2,65.49
2,64,8,1,4,31.54
2,64,8,1,8,17.02
2,64,8,1,16,9.31
2,64,8,1,32,5.65
2,64,8,1,64,3.8
2,64,8,1,128,3.2
2,64,8,0,1,172.58
2,64,8,0,2,89.95
2,64,8,0,4,47.75
2,64,8,0,8,31.98
2,64,8,0,16,28.8
2,64,8,0,32,27.36
2,64,8,0,64,22.59
2,64,8,0,128,20.16
2,64,16,1,1,125.54
2,64,16,1,2,61.16
2,64,16,1,4,32.42
2,64,16,1,8,17.11
2,64,16,1,16,9.37
2,64,16,1,32,6.03
2,64,16,1,64,4.34
2,64,16,1,128,4.88
2,64,16,0,1,219.35
2,64,16,0,2,121.31
2,64,16,0,4,66.44
2,64,16,0,8,48.56
2,64,16,0,16,49.79
2,64,16,0,32,51.45
2,64,16,0,64,43.28
2,64,16,0,128,38.57
2,64,32,1,1,127.05
2,64,32,1,2,62.86
2,64,32,1,4,32.71
2,64,32,1,8,17.23
2,64,32,1,16,10.47
2,64,32,1,32,7.67
2,64,32,1,64,5.85
2,64,32,1,128,5.72
2,64,32,0,1,324.02
2,64,32,0,2,188.81
2,64,32,0,4,105.99
2,64,32,0,8,87.34
2,64,32,0,16,98.52
2,64,32,0,32,105.43
2,64,32,0,64,88.07
2,64,32,0,128,78.6
2,128,8,1,1,127.74
2,128,8,1,2,61.89
2,128,8,1,4,32.65
2,128,8,1,8,17.53
2,128,8,1,16,9.95
2,128,8,1,32,7.12
2,128,8,1,64,4.88
2,128,8,1,128,4.14
2,128,8,0,1,223.06
2,128,8,0,2,122.1
2,128,8,0,4,66.92
2,128,8,0,8,49.63
2,128,8,0,16,49.88
2,128,8,0,32,52.64
2,128,8,0,64,44.0
2,128,8,0,128,39.03
2,128,16,1,1,128.9
2,128,16,1,2,63.51
2,128,16,1,4,32.86
2,128,16,1,8,17.58
2,128,16,1,16,9.99
2,128,16,1,32,8.25
2,128,16,1,64,6.23
2,128,16,1,128,6.08
2,128,16,0,1,324.73
2,128,16,0,2,189.81
2,128,16,0,4,105.69
2,128,16,0,8,88.31
2,128,16,0,16,98.62
2,128,16,0,32,106.01
2,128,16,0,64,88.97
2,128,16,0,128,78.75
2,128,32,1,1,130.61
2,128,32,1,2,64.64
2,128,32,1,4,32.89
2,128,32,1,8,17.84
2,128,32,1,16,10.38
2,128,32,1,32,7.06
2,128,32,1,64,4.37
2,128,32,1,128,3.74
2,128,32,0,1,541.66
2,128,32,0,2,333.68
2,128,32,0,4,195.49
2,128,32,0,8,176.76
2,128,32,0,16,200.94
2,128,32,0,32,216.74
2,128,32,0,64,179.22
2,128,32,0,128,160.09
3,1,8,1,1,107.28
3,1,8,1,2,56.2
3,1,8,1,4,30.19
3,1,8,1,8,17.35
3,1,8,1,16,10.56
3,1,8,1,32,7.44
3,1,8,1,64,5.59
3,1,8,1,128,4.93
3,1,8,0,1,108.09
3,1,8,0,2,56.69
3,1,8,0,4,29.61
3,1,8,0,8,16.11
3,1,8,0,16,9.18
3,1,8,0,32,5.74
3,1,8,0,64,3.73
3,1,8,0,128,2.95
3,1,16,1,1,108.71
3,1,16,1,2,56.64
3,1,16,1,4,29.83
3,1,16,1,8,16.79
3,1,16,1,16,9.61
3,1,16,1,32,6.44
3,1,16,1,64,4.55
3,1,16,1,128,3.96
3,1,16,0,1,110.3
3,1,16,0,2,57.74
3,1,16,0,4,30.5
3,1,16,0,8,16.55
3,1,16,0,16,9.33
3,1,16,0,32,6.26
3,1,16,0,64,4.15
3,1,16,0,128,3.11
3,1,32,1,1,114.94
3,1,32,1,2,60.28
3,1,32,1,4,31.4
3,1,32,1,8,17.04
3,1,32,1,16,9.55
3,1,32,1,32,7.33
3,1,32,1,64,4.3
3,1,32,1,128,3.55
3,1,32,0,1,118.23
3,1,32,0,2,61.93
3,1,32,0,4,33.43
3,1,32,0,8,17.44
3,1,32,0,16,10.21
3,1,32,0,32,7.2
3,1,32,0,64,4.84
3,1,32,0,128,3.79
3,2,8,1,1,107.22
3,2,8,1,2,56.43
3,2,8,1,4,29.67
3,2,8,1,8,16.75
3,2,8,1,16,9.55
3,2,8,1,32,6.44
3,2,8,1,64,4.51
3,2,8,1,128,3.76
3,2,8,0,1,109.17
3,2,8,0,2,57.13
3,2,8,0,4,30.02
3,2,8,0,8,16.4
3,2,8,0,16,9.28
3,2,8,0,32,6.18
3,2,8,0,64,4.06
3,2,8,0,128,3.22
3,2,16,1,1,108.72
3,2,16,1,2,56.61
3,2,16,1,4,29.79
3,2,16,1,8,16.48
3,2,16,1,16,9.24
3,2,16,1,32,6.0
3,2,16,1,64,4.17
3,2,16,1,128,3.26
3,2,16,0,1,112.42
3,2,16,0,2,58.9
3,2,16,0,4,31.02
3,2,16,0,8,16.9
3,2,16,0,16,9.87
3,2,16,0,32,6.8
3,2,16,0,64,4.62
3,2,16,0,128,3.74
3,2,32,1,1,114.97
3,2,32,1,2,59.99
3,2,32,1,4,31.31
3,2,32,1,8,16.92
3,2,32,1,16,9.66
3,2,32,1,32,6.25
3,2,32,1,64,4.04
3,2,32,1,128,3.18
3,2,32,0,1,122.49
3,2,32,0,2,63.98
3,2,32,0,4,33.5
3,2,32,0,8,18.37
3,2,32,0,16,11.38
3,2,32,0,32,8.53
3,2,32,0,64,5.93
3,2,32,0,128,4.74
3,4,8,1,1,107.25
3,4,8,1,2,56.18
3,4,8,1,4,29.37
3,4,8,1,8,16.37
3,4,8,1,16,9.24
3,4,8,1,32,5.99
3,4,8,1,64,4.11
3,4,8,1,128,3.26
3,4,8,0,1,110.69
3,4,8,0,2,58.24
3,4,8,0,4,30.53
3,4,8,0,8,16.86
3,4,8,0,16,9.84
3,4,8,0,32,6.8
3,4,8,0,64,4.56
3,4,8,0,128,3.67
3,4,16,1,1,108.72
3,4,16,1,2,56.79
3,4,16,1,4,29.99
3,4,16,1,8,16.32
3,4,16,1,16,9.16
3,4,16,1,32,6.35
3,4,16,1,64,3.79
3,4,16,1,128,3.03
3,4,16,0,1,115.35
3,4,16,0,2,60.67
3,4,16,0,4,32.33
3,4,16,0,8,17.84
3,4,16,0,16,11.17
3,4,16,0,32,8.22
3,4,16,0,64,5.66
3,4,16,0,128,4.62
3,4,32,1,1,114.73
3,4,32,1,2,59.81
3,4,32,1,4,31.29
3,4,32,1,8,16.9
3,4,32,1,16,9.45
3,4,32,1,32,6.14
3,4,32,1,64,3.9
3,4,32,1,128,3.01
3,4,32,0,1,129.8
3,4,32,0,2,66.99
3,4,32,0,4,35.19
3,4,32,0,8,21.12
3,4,32,0,16,14.27
3,4,32,0,32,12.09
3,4,32,0,64,8.0
3,4,32,0,128,6.69
3,8,8,1,1,107.32
3,8,8,1,2,55.91
3,8,8,1,4,29.36
3,8,8,1,8,16.29
3,8,8,1,16,9.16
3,8,8,1,32,5.97
3,8,8,1,64,3.73
3,8,8,1,128,2.92
3,8,8,0,1,114.89
3,8,8,0,2,59.91
3,8,8,0,4,31.26
3,8,8,0,8,17.67
3,8,8,0,16,11.01
3,8,8,0,32,8.08
3,8,8,0,64,5.68
3,8,8,0,128,4.64
3,8,16,1,1,108.81
3,8,16,1,2,56.95
3,8,16,1,4,29.95
3,8,16,1,8,16.33
3,8,16,1,16,9.12
3,8,16,1,32,6.01
3,8,16,1,64,3.58
3,8,16,1,128,2.88
3,8,16,0,1,122.65
3,8,16,0,2,64.25
3,8,16,0,4,33.71
3,8,16,0,8,19.69
3,8,16,0,16,14.45
3,8,16,0,32,10.76
3,8,16,0,64,7.8
3,8,16,0,128,7.26
3,8,32,1,1,119.68
3,8,32,1,2,60.31
3,8,32,1,4,31.46
3,8,32,1,8,17.04
3,8,32,1,16,9.51
3,8,32,1,32,6.03
3,8,32,1,64,3.79
3,8,32,1,128,2.88
3,8,32,0,1,139.49
3,8,32,0,2,74.56
3,8,32,0,4,39.25
3,8,32,0,8,24.14
3,8,32,0,16,18.73
3,8,32,0,32,16.31
3,8,32,0,64,12.51
3,8,32,0,128,11.31
3,16,8,1,1,107.47
3,16,8,1,2,56.0
3,16,8,1,4,29.28
3,16,8,1,8,16.13
3,16,8,1,16,8.97
3,16,8,1,32,6.43
3,16,8,1,64,3.68
3,16,8,1,128,3.1
3,16,8,0,1,121.0
3,16,8,0,2,63.47
3,16,8,0,4,33.37
3,16,8,0,8,19.47
3,16,8,0,16,13.23
3,16,8,0,32,10.59
3,16,8,0,64,7.78
3,16,8,0,128,6.56
3,16,16,1,1,109.19
3,16,16,1,2,57.03
3,16,16,1,4,29.61
3,16,16,1,8,16.33
3,16,16,1,16,9.05
3,16,16,1,32,5.58
3,16,16,1,64,3.76
3,16,16,1,128,3.01
3,16,16,0,1,132.12
3,16,16,0,2,71.22
3,16,16,0,4,37.86
3,16,16,0,8,23.45
3,16,16,0,16,18.13
3,16,16,0,32,15.81
3,16,16,0,64,12.61
3,16,16,0,128,10.93
3,16,32,1,1,114.86
3,16,32,1,2,60.68
3,16,32,1,4,31.42
3,16,32,1,8,17.1
3,16,32,1,16,9.27
3,16,32,1,32,5.73
3,16,32,1,64,3.69
3,16,32,1,128,3.17
3,16,32,0,1,162.19
3,16,32,0,2,89.6
3,16,32,0,4,48.22
3,16,32,0,8,32.15
3,16,32,0,16,29.07
3,16,32,0,32,27.26
3,16,32,0,64,22.41
3,16,32,0,128,20.17
3,32,8,1,1,107.84
3,32,8,1,2,56.39
3,32,8,1,4,29.22
3,32,8,1,8,16.3
3,32,8,1,16,9.0
3,32,8,1,32,5.55
3,32,8,1,64,3.56
3,32,8,1,128,2.85
3,32,8,0,1,131.28
3,32,8,0,2,70.74
3,32,8,0,4,38.29
3,32,8,0,8,23.26
3,32,8,0,16,18.12
3,32,8,0,32,15.88
3,32,8,0,64,12.53
3,32,8,0,128,10.99
3,32,16,1,1,108.8
3,32,16,1,2,57.2
3,32,16,1,4,30.01
3,32,16,1,8,16.59
3,32,16,1,16,9.03
3,32,16,1,32,5.71
3,32,16,1,64,3.78
3,32,16,1,128,3.02
3,32,16,0,1,156.31
3,32,16,0,2,86.38
3,32,16,0,4,46.48
3,32,16,0,8,31.6
3,32,16,0,16,28.17
3,32,16,0,32,27.05
3,32,16,0,64,22.71
3,32,16,0,128,20.11
3,32,32,1,1,115.39
3,32,32,1,2,60.97
3,32,32,1,4,31.84
3,32,32,1,8,17.91
3,32,32,1,16,9.24
3,32,32,1,32,5.97
3,32,32,1,64,3.87
3,32,32,1,128,4.26
3,32,32,0,1,210.08
3,32,32,0,2,120.95
3,32,32,0,4,66.23
3,32,32,0,8,48.71
3,32,32,0,16,49.32
3,32,32,0,32,51.29
3,32,32,0,64,43.29
3,32,32,0,128,38.21
3,64,8,1,1,107.32
3,64,8,1,2,56.24
3,64,8,1,4,29.87
3,64,8,1,8,16.59
3,64,8,1,16,9.14
3,64,8,1,32,5.79
3,64,8,1,64,3.88
3,64,8,1,128,3.08
3,64,8,0,1,153.74
3,64,8,0,2,85.6
3,64,8,0,4,46.15
3,64,8,0,8,31.67
3,64,8,0,16,28.4
3,64,8,0,32,27.23
3,64,8,0,64,22.68
3,64,8,0,128,19.86
3,64,16,1,1,109.08
3,64,16,1,2,57.64
3,64,16,1,4,30.9
3,64,16,1,8,16.76
3,64,16,1,16,9.18
3,64,16,1,32,6.35
3,64,16,1,64,4.39
3,64,16,1,128,3.95
3,64,16,0,1,204.16
3,64,16,0,2,117.82
3,64,16,0,4,64.9
3,64,16,0,8,48.55
3,64,16,0,16,49.54
3,64,16,0,32,52.27
3,64,16,0,64,43.5
3,64,16,0,128,38.37
3,64,32,1,1,116.98
3,64,32,1,2,61.87
3,64,32,1,4,31.95
3,64,32,1,8,17.25
3,64,32,1,16,9.46
3,64,32,1,32,8.21
3,64,32,1,64,6.22
3,64,32,1,128,5.77
3,64,32,0,1,312.22
3,64,32,0,2,187.4
3,64,32,0,4,105.73
3,64,32,0,8,92.23
3,64,32,0,16,97.48
3,64,32,0,32,106.43
3,64,32,0,64,89.25
3,64,32,0,128,79.34
3,128,8,1,1,108.56
3,128,8,1,2,57.88
3,128,8,1,4,31.22
3,128,8,1,8,17.04
3,128,8,1,16,10.15
3,128,8,1,32,7.6
3,128,8,1,64,5.64
3,128,8,1,128,4.2
3,128,8,0,1,203.81
3,128,8,0,2,117.73
3,128,8,0,4,65.77
3,128,8,0,8,49.18
3,128,8,0,16,50.53
3,128,8,0,32,53.54
3,128,8,0,64,43.71
3,128,8,0,128,39.16
3,128,16,1,1,111.24
3,128,16,1,2,59.59
3,128,16,1,4,31.57
3,128,16,1,8,17.27
3,128,16,1,16,10.15
3,128,16,1,32,8.85
3,128,16,1,64,8.23
3,128,16,1,128,7.62
3,128,16,0,1,308.11
3,128,16,0,2,185.72
3,128,16,0,4,104.89
3,128,16,0,8,87.59
3,128,16,0,16,98.16
3,128,16,0,32,107.26
3,128,16,0,64,89.07
3,128,16,0,128,79.06
3,128,32,1,1,118.92
3,128,32,1,2,62.86
3,128,32,1,4,33.22
3,128,32,1,8,17.96
3,128,32,1,16,10.53
3,128,32,1,32,7.31
3,128,32,1,64,5.59
3,128,32,1,128,3.76
3,128,32,0,1,521.94
3,128,32,0,2,331.74
3,128,32,0,4,196.03
3,128,32,0,8,177.57
3,128,32,0,16,201.07
3,128,32,0,32,216.34
3,128,32,0,64,179.14
3,128,32,0,128,160.42
4,1,8,1,1,87.9
4,1,8,1,2,45.05
4,1,8,1,4,24.25
4,1,8,1,8,14.05
4,1,8,1,16,8.75
4,1,8,1,32,6.27
4,1,8,1,64,5.18
4,1,8,1,128,4.64
4,1,8,0,1,87.95
4,1,8,0,2,46.22
4,1,8,0,4,23.62
4,1,8,0,8,12.99
4,1,8,0,16,7.36
4,1,8,0,32,4.75
4,1,8,0,64,3.31
4,1,8,0,128,2.71
4,1,16,1,1,88.32
4,1,16,1,2,45.85
4,1,16,1,4,24.1
4,1,16,1,8,13.55
4,1,16,1,16,8.07
4,1,16,1,32,5.54
4,1,16,1,64,4.17
4,1,16,1,128,3.84
4,1,16,0,1,90.7
4,1,16,0,2,46.94
4,1,16,0,4,24.42
4,1,16,0,8,13.49
4,1,16,0,16,8.73
4,1,16,0,32,5.35
4,1,16,0,64,3.68
4,1,16,0,128,3.15
4,1,32,1,1,90.29
4,1,32,1,2,47.67
4,1,32,1,4,24.56
4,1,32,1,8,14.07
4,1,32,1,16,8.28
4,1,32,1,32,5.65
4,1,32,1,64,4.0
4,1,32,1,128,3.15
4,1,32,0,1,94.66
4,1,32,0,2,48.89
4,1,32,0,4,25.83
4,1,32,0,8,14.37
4,1,32,0,16,8.97
4,1,32,0,32,7.52
4,1,32,0,64,4.58
4,1,32,0,128,3.54
4,2,8,1,1,89.53
4,2,8,1,2,46.16
4,2,8,1,4,24.32
4,2,8,1,8,13.76
4,2,8,1,16,8.95
4,2,8,1,32,5.49
4,2,8,1,64,4.03
4,2,8,1,128,3.6
4,2,8,0,1,91.7
4,2,8,0,2,47.77
4,2,8,0,4,24.72
4,2,8,0,8,13.65
4,2,8,0,16,7.81
4,2,8,0,32,5.17
4,2,8,0,64,3.76
4,2,8,0,128,3.05
4,2,16,1,1,90.94
4,2,16,1,2,47.68
4,2,16,1,4,24.69
4,2,16,1,8,18.63
4,2,16,1,16,7.82
4,2,16,1,32,5.13
4,2,16,1,64,3.63
4,2,16,1,128,3.18
4,2,16,0,1,94.62
4,2,16,0,2,49.25
4,2,16,0,4,25.47
4,2,16,0,8,15.02
4,2,16,0,16,8.52
4,2,16,0,32,6.0
4,2,16,0,64,4.34
4,2,16,0,128,3.36
4,2,32,1,1,93.13
4,2,32,1,2,48.66
4,2,32,1,4,25.3
4,2,32,1,8,14.1
4,2,32,1,16,8.34
4,2,32,1,32,5.57
4,2,32,1,64,3.72
4,2,32,1,128,2.91
4,2,32,0,1,100.87
4,2,32,0,2,52.43
4,2,32,0,4,26.88
4,2,32,0,8,15.75
4,2,32,0,16,10.35
4,2,32,0,32,7.91
4,2,32,0,64,5.66
4,2,32,0,128,4.59
4,4,8,1,1,91.02
4,4,8,1,2,47.09
4,4,8,1,4,25.08
4,4,8,1,8,13.7
4,4,8,1,16,7.77
4,4,8,1,32,5.08
4,4,8,1,64,3.57
4,4,8,1,128,4.03
4,4,8,0,1,94.57
4,4,8,0,2,49.45
4,4,8,0,4,25.75
4,4,8,0,8,14.33
4,4,8,0,16,8.5
4,4,8,0,32,5.89
4,4,8,0,64,4.17
4,4,8,0,128,3.4
4,4,16,1,1,92.33
4,4,16,1,2,47.45
4,4,16,1,4,25.3
4,4,16,1,8,13.91
4,4,16,1,16,7.82
4,4,16,1,32,5.04
4,4,16,1,64,3.37
4,4,16,1,128,2.81
4,4,16,0,1,99.46
4,4,16,0,2,51.61
4,4,16,0,4,26.78
4,4,16,0,8,16.19
4,4,16,0,16,9.76
4,4,16,0,32,7.34
4,4,16,0,64,5.37
4,4,16,0,128,4.46
4,4,32,1,1,94.68
4,4,32,1,2,49.0
4,4,32,1,4,25.8
4,4,32,1,8,14.25
4,4,32,1,16,8.39
4,4,32,1,32,6.58
4,4,32,1,64,3.52
4,4,32,1,128,2.67
4,4,32,0,1,108.66
4,4,32,0,2,55.7
4,4,32,0,4,29.36
4,4,32,0,8,17.69
4,4,32,0,16,12.74
4,4,32,0,32,10.49
4,4,32,0,64,7.9
4,4,32,0,128,6.5
4,8,8,1,1,96.85
4,8,8,1,2,51.74
4,8,8,1,4,26.73
4,8,8,1,8,14.65
4,8,8,1,16,8.17
4,8,8,1,32,5.23
4,8,8,1,64,3.62
4,8,8,1,128,2.8
4,8,8,0,1,103.72
4,8,8,0,2,54.76
4,8,8,0,4,28.49
4,8,8,0,8,16.21
4,8,8,0,16,10.11
4,8,8,0,32,7.44
4,8,8,0,64,5.59
4,8,8,0,128,4.51
4,8,16,1,1,97.12
4,8,16,1,2,50.81
4,8,16,1,4,26.73
4,8,16,1,8,15.63
4,8,16,1,16,8.18
4,8,16,1,32,5.16
4,8,16,1,64,3.42
4,8,16,1,128,2.77
4,8,16,0,1,110.53
4,8,16,0,2,58.08
4,8,16,0,4,31.8
4,8,16,0,8,18.24
4,8,16,0,16,12.51
4,8,16,0,32,10.09
4,8,16,0,64,7.68
4,8,16,0,128,6.5
4,8,32,1,1,99.35
4,8,32,1,2,52.66
4,8,32,1,4,27.46
4,8,32,1,8,15.22
4,8,32,1,16,8.75
4,8,32,1,32,10.54
4,8,32,1,64,3.45
4,8,32,1,128,2.72
4,8,32,0,1,122.8
4,8,32,0,2,66.92
4,8,32,0,4,35.32
4,8,32,0,8,22.35
4,8,32,0,16,17.92
4,8,32,0,32,15.96
4,8,32,0,64,12.52
4,8,32,0,128,11.04
4,16,8,1,1,117.56
4,16,8,1,2,61.88
4,16,8,1,4,32.32
4,16,8,1,8,17.55
4,16,8,1,16,9.67
4,16,8,1,32,5.88
4,16,8,1,64,3.82
4,16,8,1,128,3.05
4,16,8,0,1,137.07
4,16,8,0,2,70.62
4,16,8,0,4,35.91
4,16,8,0,8,20.94
4,16,8,0,16,13.82
4,16,8,0,32,11.62
4,16,8,0,64,8.05
4,16,8,0,128,6.79
4,16,16,1,1,123.59
4,16,16,1,2,63.98
4,16,16,1,4,32.45
4,16,16,1,8,17.76
4,16,16,1,16,9.74
4,16,16,1,32,6.04
4,16,16,1,64,3.74
4,16,16,1,128,3.04
4,16,16,0,1,141.6
4,16,16,0,2,75.94
4,16,16,0,4,40.15
4,16,16,0,8,24.82
4,16,16,0,16,18.83
4,16,16,0,32,16.18
4,16,16,0,64,12.96
4,16,16,0,128,11.23
4,16,32,1,1,120.86
4,16,32,1,2,64.42
4,16,32,1,4,33.13
4,16,32,1,8,18.35
4,16,32,1,16,9.96
4,16,32,1,32,6.05
4,16,32,1,64,3.8
4,16,32,1,128,3.31
4,16,32,0,1,167.5
4,16,32,0,2,92.31
4,16,32,0,4,50.01
4,16,32,0,8,33.47
4,16,32,0,16,28.86
4,16,32,0,32,27.71
4,16,32,0,64,22.92
4,16,32,0,128,20.38
4,32,8,1,1,139.59
4,32,8,1,2,72.82
4,32,8,1,4,38.47
4,32,8,1,8,20.85
4,32,8,1,16,11.37
4,32,8,1,32,6.87
4,32,8,1,64,9.2
4,32,8,1,128,3.39
4,32,8,0,1,164.01
4,32,8,0,2,87.13
4,32,8,0,4,46.21
4,32,8,0,8,32.82
4,32,8,0,16,20.59
4,32,8,0,32,17.11
4,32,8,0,64,13.1
4,32,8,0,128,11.37
4,32,16,1,1,139.48
4,32,16,1,2,73.18
4,32,16,1,4,38.72
4,32,16,1,8,21.04
4,32,16,1,16,11.37
4,32,16,1,32,6.86
4,32,16,1,64,4.53
4,32,16,1,128,3.57
4,32,16,0,1,186.27
4,32,16,0,2,102.52
4,32,16,0,4,54.75
4,32,16,0,8,36.08
4,32,16,0,16,30.34
4,32,16,0,32,28.18
4,32,16,0,64,23.19
4,32,16,0,128,20.49
4,32,32,1,1,146.01
4,32,32,1,2,76.95
4,32,32,1,4,40.64
4,32,32,1,8,21.88
4,32,32,1,16,11.77
4,32,32,1,32,7.55
4,32,32,1,64,4.43
4,32,32,1,128,4.11
4,32,32,0,1,240.91
4,32,32,0,2,136.97
4,32,32,0,4,74.83
4,32,32,0,8,53.59
4,32,32,0,16,51.67
4,32,32,0,32,53.36
4,32,32,0,64,43.71
4,32,32,0,128,38.88
4,64,8,1,1,191.18
4,64,8,1,2,99.09
4,64,8,1,4,51.7
4,64,8,1,8,28.26
4,64,8,1,16,14.99
4,64,8,1,32,8.63
4,64,8,1,64,5.41
4,64,8,1,128,3.78
4,64,8,0,1,237.1
4,64,8,0,2,127.93
4,64,8,0,4,68.16
4,64,8,0,8,43.3
4,64,8,0,16,34.3
4,64,8,0,32,31.23
4,64,8,0,64,24.25
4,64,8,0,128,20.89
4,64,16,1,1,192.32
4,64,16,1,2,100.04
4,64,16,1,4,52.61
4,64,16,1,8,28.24
4,64,16,1,16,15.13
4,64,16,1,32,9.51
4,64,16,1,64,5.63
4,64,16,1,128,4.16
4,64,16,0,1,285.79
4,64,16,0,2,159.41
4,64,16,0,4,87.82
4,64,16,0,8,60.19
4,64,16,0,16,54.86
4,64,16,0,32,54.42
4,64,16,0,64,45.08
4,64,16,0,128,39.09
4,64,32,1,1,204.02
4,64,32,1,2,105.34
4,64,32,1,4,55.35
4,64,32,1,8,29.64
4,64,32,1,16,15.85
4,64,32,1,32,10.68
4,64,32,1,64,7.39
4,64,32,1,128,7.02
4,64,32,0,1,398.88
4,64,32,0,2,230.8
4,64,32,0,4,128.14
4,64,32,0,8,99.97
4,64,32,0,16,103.48
4,64,32,0,32,108.54
4,64,32,0,64,90.17
4,64,32,0,128,79.4
4,128,8,1,1,296.31
4,128,8,1,2,155.52
4,128,8,1,4,80.69
4,128,8,1,8,43.48
4,128,8,1,16,22.88
4,128,8,1,32,13.45
4,128,8,1,64,7.92
4,128,8,1,128,6.28
4,128,8,0,1,396.14
4,128,8,0,2,214.04
4,128,8,0,4,115.19
4,128,8,0,8,75.04
4,128,8,0,16,62.79
4,128,8,0,32,59.32
4,128,8,0,64,46.8
4,128,8,0,128,40.13
4,128,16,1,1,311.67
4,128,16,1,2,161.33
4,128,16,1,4,83.15
4,128,16,1,8,44.63
4,128,16,1,16,23.8
4,128,16,1,32,14.93
4,128,16,1,64,11.02
4,128,16,1,128,7.12
4,128,16,0,1,504.53
4,128,16,0,2,287.06
4,128,16,0,4,156.96
4,128,16,0,8,114.94
4,128,16,0,16,111.24
4,128,16,0,32,112.27
4,128,16,0,64,92.37
4,128,16,0,128,80.63
4,128,32,1,1,334.4
4,128,32,1,2,171.32
4,128,32,1,4,88.48
4,128,32,1,8,46.63
4,128,32,1,16,24.38
4,128,32,1,32,14.02
4,128,32,1,64,8.02
4,128,32,1,128,5.8
4,128,32,0,1,749.85
4,128,32,0,2,439.62
4,128,32,0,4,250.63
4,128,32,0,8,206.89
4,128,32,0,16,214.85
4,128,32,0,32,223.05
4,128,32,0,64,181.29
4,128,32,0,128,163.61
5,1,8,1,1,108.62
5,1,8,1,2,56.16
5,1,8,1,4,30.08
5,1,8,1,8,17.2
5,1,8,1,16,10.25
5,1,8,1,32,7.04
5,1,8,1,64,5.83
5,1,8,1,128,4.98
5,1,8,0,1,109.35
5,1,8,0,2,56.96
5,1,8,0,4,29.3
5,1,8,0,8,16.03
5,1,8,0,16,8.84
5,1,8,0,32,5.48
5,1,8,0,64,3.7
5,1,8,0,128,2.84
5,1,16,1,1,110.61
5,1,16,1,2,57.77
5,1,16,1,4,29.94
5,1,16,1,8,16.62
5,1,16,1,16,9.45
5,1,16,1,32,6.18
5,1,16,1,64,4.47
5,1,16,1,128,3.83
5,1,16,0,1,111.75
5,1,16,0,2,58.04
5,1,16,0,4,30.33
5,1,16,0,8,16.51
5,1,16,0,16,9.21
5,1,16,0,32,5.93
5,1,16,0,64,4.13
5,1,16,0,128,3.25
5,1,32,1,1,110.39
5,1,32,1,2,57.74
5,1,32,1,4,30.56
5,1,32,1,8,16.39
5,1,32,1,16,9.2
5,1,32,1,32,5.88
5,1,32,1,64,4.05
5,1,32,1,128,3.29
5,1,32,0,1,113.47
5,1,32,0,2,59.54
5,1,32,0,4,30.66
5,1,32,0,8,16.91
5,1,32,0,16,9.86
5,1,32,0,32,6.76
5,1,32,0,64,4.62
5,1,32,0,128,3.79
5,2,8,1,1,109.75
5,2,8,1,2,56.8
5,2,8,1,4,29.51
5,2,8,1,8,17.4
5,2,8,1,16,9.34
5,2,8,1,32,6.22
5,2,8,1,64,4.4
5,2,8,1,128,3.75
5,2,8,0,1,111.08
5,2,8,0,2,57.88
5,2,8,0,4,30.08
5,2,8,0,8,16.45
5,2,8,0,16,9.15
5,2,8,0,32,5.82
5,2,8,0,64,4.0
5,2,8,0,128,3.24
5,2,16,1,1,110.74
5,2,16,1,2,57.86
5,2,16,1,4,29.77
5,2,16,1,8,16.57
5,2,16,1,16,9.2
5,2,16,1,32,5.74
5,2,16,1,64,4.0
5,2,16,1,128,3.36
5,2,16,0,1,114.15
5,2,16,0,2,59.73
5,2,16,0,4,30.96
5,2,16,0,8,16.87
5,2,16,0,16,9.77
5,2,16,0,32,6.48
5,2,16,0,64,4.57
5,2,16,0,128,3.9
5,2,32,1,1,110.36
5,2,32,1,2,57.59
5,2,32,1,4,30.17
5,2,32,1,8,16.28
5,2,32,1,16,9.1
5,2,32,1,32,5.82
5,2,32,1,64,3.84
5,2,32,1,128,3.09
5,2,32,0,1,118.07
5,2,32,0,2,62.23
5,2,32,0,4,31.78
5,2,32,0,8,17.88
5,2,32,0,16,11.04
5,2,32,0,32,8.09
5,2,32,0,64,5.64
5,2,32,0,128,4.72
5,4,8,1,1,109.25
5,4,8,1,2,56.17
5,4,8,1,4,29.52
5,4,8,1,8,16.21
5,4,8,1,16,9.02
5,4,8,1,32,10.75
5,4,8,1,64,3.98
5,4,8,1,128,3.16
5,4,8,0,1,112.92
5,4,8,0,2,58.67
5,4,8,0,4,30.69
5,4,8,0,8,16.71
5,4,8,0,16,9.71
5,4,8,0,32,7.46
5,4,8,0,64,4.47
5,4,8,0,128,3.49
5,4,16,1,1,110.88
5,4,16,1,2,57.05
5,4,16,1,4,29.84
5,4,16,1,8,16.32
5,4,16,1,16,9.03
5,4,16,1,32,5.64
5,4,16,1,64,3.84
5,4,16,1,128,2.96
5,4,16,0,1,117.94
5,4,16,0,2,61.54
5,4,16,0,4,31.61
5,4,16,0,8,17.9
5,4,16,0,16,11.83
5,4,16,0,32,8.0
5,4,16,0,64,5.62
5,4,16,0,128,4.77
5,4,32,1,1,110.83
5,4,32,1,2,57.17
5,4,32,1,4,29.94
5,4,32,1,8,16.58
5,4,32,1,16,9.12
5,4,32,1,32,5.69
5,4,32,1,64,3.64
5,4,32,1,128,2.78
5,4,32,0,1,124.17
5,4,32,0,2,64.0
5,4,32,0,4,33.87
5,4,32,0,8,19.73
5,4,32,0,16,14.53
5,4,32,0,32,10.74
5,4,32,0,64,7.97
5,4,32,0,128,6.71
5,8,8,1,1,107.86
5,8,8,1,2,56.13
5,8,8,1,4,29.62
5,8,8,1,8,16.22
5,8,8,1,16,8.96
5,8,8,1,32,6.05
5,8,8,1,64,3.74
5,8,8,1,128,3.08
5,8,8,0,1,114.93
5,8,8,0,2,60.64
5,8,8,0,4,31.48
5,8,8,0,8,17.73
5,8,8,0,16,10.88
5,8,8,0,32,7.85
5,8,8,0,64,5.59
5,8,8,0,128,4.62
5,8,16,1,1,108.92
5,8,16,1,2,56.78
5,8,16,1,4,30.78
5,8,16,1,8,16.59
5,8,16,1,16,9.06
5,8,16,1,32,5.55
5,8,16,1,64,3.68
5,8,16,1,128,3.26
5,8,16,0,1,123.08
5,8,16,0,2,64.25
5,8,16,0,4,33.94
5,8,16,0,8,19.7
5,8,16,0,16,13.32
5,8,16,0,32,10.58
5,8,16,0,64,7.82
5,8,16,0,128,6.62
5,8,32,1,1,110.67
5,8,32,1,2,57.37
5,8,32,1,4,30.44
5,8,32,1,8,16.64
5,8,32,1,16,9.25
5,8,32,1,32,5.75
5,8,32,1,64,3.67
5,8,32,1,128,3.02
5,8,32,0,1,134.04
5,8,32,0,2,71.68
5,8,32,0,4,38.16
5,8,32,0,8,23.87
5,8,32,0,16,18.38
5,8,32,0,32,15.92
5,8,32,0,64,12.62
5,8,32,0,128,11.39
5,16,8,1,1,108.52
5,16,8,1,2,56.68
5,16,8,1,4,30.11
5,16,8,1,8,16.71
5,16,8,1,16,9.03
5,16,8,1,32,5.99
5,16,8,1,64,3.72
5,16,8,1,128,3.06
5,16,8,0,1,122.33
5,16,8,0,2,64.15
5,16,8,0,4,34.16
5,16,8,0,8,19.73
5,16,8,0,16,13.27
5,16,8,0,32,10.54
5,16,8,0,64,7.84
5,16,8,0,128,6.62
5,16,16,1,1,110.59
5,16,16,1,2,57.68
5,16,16,1,4,30.43
5,16,16,1,8,16.74
5,16,16,1,16,9.22
5,16,16,1,32,5.57
5,16,16,1,64,4.5
5,16,16,1,128,2.88
5,16,16,0,1,133.17
5,16,16,0,2,72.4
5,16,16,0,4,38.63
5,16,16,0,8,24.7
5,16,16,0,16,18.37
5,16,16,0,32,15.88
5,16,16,0,64,12.81
5,16,16,0,128,11.11
5,16,32,1,1,111.1
5,16,32,1,2,59.42
5,16,32,1,4,31.0
5,16,32,1,8,16.99
5,16,32,1,16,9.24
5,16,32,1,32,5.85
5,16,32,1,64,4.14
5,16,32,1,128,3.1
5,16,32,0,1,157.68
5,16,32,0,2,87.57
5,16,32,0,4,47.51
5,16,32,0,8,32.14
5,16,32,0,16,28.01
5,16,32,0,32,27.32
5,16,32,0,64,22.47
5,16,32,0,128,20.39
5,32,8,1,1,108.89
5,32,8,1,2,57.19
5,32,8,1,4,29.84
5,32,8,1,8,16.49
5,32,8,1,16,9.1
5,32,8,1,32,5.6
5,32,8,1,64,4.53
5,32,8,1,128,3.04
5,32,8,0,1,132.18
5,32,8,0,2,71.27
5,32,8,0,4,37.85
5,32,8,0,8,23.61
5,32,8,0,16,18.36
5,32,8,0,32,15.81
5,32,8,0,64,12.53
5,32,8,0,128,11.02
5,32,16,1,1,110.84
5,32,16,1,2,58.21
5,32,16,1,4,30.68
5,32,16,1,8,17.03
5,32,16,1,16,9.28
5,32,16,1,32,5.68
5,32,16,1,64,3.71
5,32,16,1,128,3.05
5,32,16,0,1,156.86
5,32,16,0,2,86.96
5,32,16,0,4,47.29
5,32,16,0,8,32.2
5,32,16,0,16,28.54
5,32,16,0,32,27.57
5,32,16,0,64,22.71
5,32,16,0,128,20.16
5,32,32,1,1,112.94
5,32,32,1,2,59.87
5,32,32,1,4,32.03
5,32,32,1,8,17.25
5,32,32,1,16,9.44
5,32,32,1,32,6.97
5,32,32,1,64,4.93
5,32,32,1,128,3.88
5,32,32,0,1,207.57
5,32,32,0,2,119.78
5,32,32,0,4,66.36
5,32,32,0,8,48.95
5,32,32,0,16,49.25
5,32,32,0,32,51.36
5,32,32,0,64,43.12
5,32,32,0,128,38.68
5,64,8,1,1,109.85
5,64,8,1,2,58.29
5,64,8,1,4,31.89
5,64,8,1,8,17.0
5,64,8,1,16,9.26
5,64,8,1,32,5.76
5,64,8,1,64,3.8
5,64,8,1,128,3.12
5,64,8,0,1,156.21
5,64,8,0,2,86.86
5,64,8,0,4,47.5
5,64,8,0,8,32.15
5,64,8,0,16,28.17
5,64,8,0,32,28.21
5,64,8,0,64,22.81
5,64,8,0,128,20.12
5,64,16,1,1,112.81
5,64,16,1,2,59.51
5,64,16,1,4,32.0
5,64,16,1,8,17.3
5,64,16,1,16,9.46
5,64,16,1,32,6.15
5,64,16,1,64,4.8
5,64,16,1,128,4.78
5,64,16,0,1,206.97
5,64,16,0,2,119.43
5,64,16,0,4,66.36
5,64,16,0,8,48.65
5,64,16,0,16,49.04
5,64,16,0,32,51.42
5,64,16,0,64,43.71
5,64,16,0,128,38.77
5,64,32,1,1,114.5
5,64,32,1,2,60.53
5,64,32,1,4,31.89
5,64,32,1,8,17.26
5,64,32,1,16,9.49
5,64,32,1,32,7.96
5,64,32,1,64,6.18
5,64,32,1,128,5.91
5,64,32,0,1,309.87
5,64,32,0,2,186.75
5,64,32,0,4,104.83
5,64,32,0,8,87.35
5,64,32,0,16,97.71
5,64,32,0,32,104.98
5,64,32,0,64,88.67
5,64,32,0,128,78.64
5,128,8,1,1,117.06
5,128,8,1,2,62.37
5,128,8,1,4,33.2
5,128,8,1,8,18.2
5,128,8,1,16,10.49
5,128,8,1,32,8.03
5,128,8,1,64,5.26
5,128,8,1,128,4.6
5,128,8,0,1,212.32
5,128,8,0,2,122.7
5,128,8,0,4,67.84
5,128,8,0,8,50.0
5,128,8,0,16,50.73
5,128,8,0,32,53.35
5,128,8,0,64,44.97
5,128,8,0,128,38.96
5,128,16,1,1,119.38
5,128,16,1,2,64.02
5,128,16,1,4,33.99
5,128,16,1,8,18.38
5,128,16,1,16,10.61
5,128,16,1,32,9.27
5,128,16,1,64,6.91
5,128,16,1,128,5.78
5,128,16,0,1,315.11
5,128,16,0,2,189.37
5,128,16,0,4,107.45
5,128,16,0,8,88.88
5,128,16,0,16,98.54
5,128,16,0,32,106.77
5,128,16,0,64,89.06
5,128,16,0,128,79.29
5,128,32,1,1,128.34
5,128,32,1,2,66.81
5,128,32,1,4,35.39
5,128,32,1,8,18.9
5,128,32,1,16,10.93
5,128,32,1,32,7.61
5,128,32,1,64,5.14
5,128,32,1,128,3.91
5,128,32,0,1,534.1
5,128,32,0,2,336.14
5,128,32,0,4,198.0
5,128,32,0,8,178.5
5,128,32,0,16,201.52
5,128,32,0,32,216.5
5,128,32,0,64,177.87
5,128,32,0,128,160.69
